{"cameraMode":{"drawMode":0,"name":"Shaded","section":"Shading Mode"},"sceneLighting":false,"audioPlay":false,"sceneViewState":{"showFog":true,"showMaterialUpdate":true,"showSkybox":false,"showFlares":true,"showImageEffects":true,"showParticleSystems":true},"in2DMode":false,"pivot":{"x":0.440000057220459,"y":2.7700002193450929,"z":4.751956939697266},"rotation":{"x":-0.10287627577781677,"y":0.609520673751831,"z":-0.08018897473812103,"w":-0.7819671034812927},"size":12.12435531616211,"orthographic":false}