{"cameraMode":{"drawMode":0,"name":"Shaded","section":"Shading Mode"},"sceneLighting":false,"audioPlay":false,"sceneViewState":{"showFog":true,"showMaterialUpdate":true,"showSkybox":false,"showFlares":true,"showImageEffects":true,"showParticleSystems":true},"in2DMode":false,"pivot":{"x":0.44999998807907107,"y":2.799999952316284,"z":5.5},"rotation":{"x":-0.6895085573196411,"y":0.00043261502287350595,"z":-0.00041177603998221457,"w":-0.724278450012207},"size":0.3061862289905548,"orthographic":false}